timestamp,total_packets,malicious_packets,packet_rate,anomaly_score,attack_occurred
2026-06-13 13:11:38,1079,0,17.98,-0.0763,0
2026-06-13 13:12:38,1894,201,31.57,0.0317,0
2026-06-13 13:13:38,1765,55,29.42,0.033,0
2026-06-13 13:14:38,1795,133,29.92,-0.0057,0
2026-06-13 13:15:38,796,0,13.27,-0.0086,0
2026-06-13 13:16:38,1276,24,21.27,0.0571,0
2026-06-13 13:17:38,1099,0,18.32,0.0763,0
2026-06-13 13:18:38,794,0,13.23,0.0562,0
2026-06-13 13:19:38,1109,44,18.48,0.0431,0
2026-06-13 13:20:38,824,0,13.73,0.0557,0
2026-06-13 13:21:38,1145,0,19.08,0.0803,0
2026-06-13 13:22:38,958,0,15.97,-0.0054,0
2026-06-13 13:23:38,1439,52,23.98,0.1174,0
2026-06-13 13:24:38,1529,70,25.48,0.0995,0
2026-06-13 13:25:38,1267,0,21.12,-0.0267,0
2026-06-13 13:26:38,849,0,14.15,0.0098,0
2026-06-13 13:27:38,830,0,13.83,-0.0223,0
2026-06-13 13:28:38,2359,214,39.32,0.0678,0
2026-06-13 13:29:38,2038,164,33.97,0.0101,0
2026-06-13 13:30:38,971,4,16.18,-0.0632,0
2026-06-13 13:31:38,959,0,15.98,-0.0945,0
2026-06-13 13:32:38,1041,0,17.35,0.0738,0
2026-06-13 13:33:38,1058,0,17.63,0.0223,0
2026-06-13 13:34:38,833,0,13.88,-0.051,0
2026-06-13 13:35:38,803,0,13.38,0.0833,0
2026-06-13 13:36:38,1477,57,24.62,0.0783,0
2026-06-13 13:37:38,1408,50,23.47,0.1053,0
2026-06-13 13:38:38,1360,24,22.67,-0.075,0
2026-06-13 13:39:38,1308,0,21.8,-0.0199,0
2026-06-13 13:40:38,1221,10,20.35,0.0892,0
2026-06-13 13:41:38,994,0,16.57,0.0416,0
2026-06-13 13:42:38,939,0,15.65,-0.0738,0
2026-06-13 13:43:38,822,0,13.7,0.0909,0
2026-06-13 13:44:38,1488,63,24.8,0.0902,0
2026-06-13 13:45:38,829,0,13.82,0.0811,0
2026-06-13 13:46:38,1079,8,17.98,-0.0346,0
2026-06-13 13:47:38,2227,260,37.12,0.1272,0
2026-06-13 13:48:38,1005,0,16.75,0.0593,0
2026-06-13 13:49:38,962,0,16.03,-0.0054,0
2026-06-13 13:50:38,2152,240,35.87,0.0535,0
2026-06-13 13:51:38,2205,220,36.75,0.1582,0
2026-06-13 13:52:38,2558,307,42.63,0.2329,0
2026-06-13 13:53:38,2542,317,42.37,0.1949,0
2026-06-13 13:54:38,1993,126,33.22,0.104,0
2026-06-13 13:55:38,1262,35,21.03,-0.027,0
2026-06-13 13:56:38,1056,0,17.6,0.0737,0
2026-06-13 13:57:38,1860,140,31.0,0.0289,0
2026-06-13 13:58:38,1172,9,19.53,0.0207,0
2026-06-13 13:59:38,1290,67,21.5,0.1149,0
2026-06-13 14:00:38,2128,174,35.47,0.1248,0
2026-06-13 14:01:38,2325,274,38.75,0.0969,0
2026-06-13 14:02:38,3227,744,53.78,0.2572,0
2026-06-13 14:03:38,4372,1298,72.87,0.3566,0
2026-06-13 14:04:38,6156,2877,102.6,0.5245,1
2026-06-13 14:05:38,6966,4003,116.1,0.707,1
2026-06-13 14:06:38,8856,6101,147.6,0.8366,1
2026-06-13 14:07:38,9310,7280,155.17,0.8689,1
2026-06-13 14:08:38,10120,8531,168.67,0.8649,1
2026-06-13 14:09:38,10265,8758,171.08,0.8698,1
2026-06-13 14:10:38,10504,9996,175.07,1.0599,1
2026-06-13 14:11:38,10727,9195,178.78,1.0647,1
2026-06-13 14:12:38,9442,7806,157.37,0.846,1
2026-06-13 14:13:38,11275,11164,187.92,1.0826,1
2026-06-13 14:14:38,10893,10521,181.55,1.0798,1
2026-06-13 14:15:38,10323,8389,172.05,0.9275,1
2026-06-13 14:16:38,10235,9061,170.58,0.9487,1
2026-06-13 14:17:38,10284,9272,171.4,1.0123,1
2026-06-13 14:18:38,11009,9054,183.48,1.0548,1
2026-06-13 14:19:38,10192,8270,169.87,0.9555,1
2026-06-13 14:20:38,10704,9336,178.4,1.0707,1
2026-06-13 14:21:38,9999,7703,166.65,0.9579,1
2026-06-13 14:22:38,10403,9537,173.38,0.9556,1
2026-06-13 14:23:38,10015,7925,166.92,0.8957,1
2026-06-13 14:24:38,10342,8415,172.37,1.0341,1
2026-06-13 14:25:38,11084,8967,184.73,0.9213,1
2026-06-13 14:26:38,10961,8938,182.68,0.9538,1
2026-06-13 14:27:38,11027,8954,183.78,1.0193,1
2026-06-13 14:28:38,10360,8969,172.67,0.9718,1
2026-06-13 14:29:38,11010,10686,183.5,0.9093,1
2026-06-13 14:30:38,10530,8566,175.5,0.8683,1
2026-06-13 14:31:38,10925,9016,182.08,1.0344,1
2026-06-13 14:32:38,10123,8997,168.72,0.9898,1
2026-06-13 14:33:38,10257,8442,170.95,0.8466,1
2026-06-13 14:34:38,10204,9244,170.07,0.8756,1
2026-06-13 14:35:38,10673,9184,177.88,1.0592,1
2026-06-13 14:36:38,10557,8607,175.95,1.0088,1
2026-06-13 14:37:38,10122,8966,168.7,0.9124,1
2026-06-13 14:38:38,10560,9782,176.0,0.9037,1
2026-06-13 14:39:38,9901,7846,165.02,0.9574,1
2026-06-13 14:40:38,11228,8976,187.13,0.9262,1
2026-06-13 14:41:38,9955,7540,165.92,0.8954,1
2026-06-13 14:42:38,10519,9629,175.32,0.9709,1
2026-06-13 14:43:38,11006,9901,183.43,0.9555,1
2026-06-13 14:44:38,10397,9150,173.28,1.086,1
2026-06-13 14:45:38,10235,8518,170.58,0.9452,1
2026-06-13 14:46:38,10125,9252,168.75,0.9449,1
2026-06-13 14:47:38,10248,8618,170.8,0.9402,1
2026-06-13 14:48:38,10707,8712,178.45,0.929,1
2026-06-13 14:49:38,10161,9072,169.35,0.8431,1
2026-06-13 14:50:38,10319,8171,171.98,0.9529,1
2026-06-13 14:51:38,10999,9910,183.32,1.0186,1
2026-06-13 14:52:38,11068,10000,184.47,1.0367,1
2026-06-13 14:53:38,10532,9091,175.53,0.8602,1
2026-06-13 14:54:38,9589,8295,159.82,0.8972,1
2026-06-13 14:55:38,10946,9213,182.43,0.9026,1
2026-06-13 14:56:38,10886,9698,181.43,0.992,1
2026-06-13 14:57:38,10072,8528,167.87,0.8216,1
2026-06-13 14:58:38,10779,10408,179.65,1.0583,1
2026-06-13 14:59:38,10340,7731,172.33,0.8503,1
2026-06-13 15:00:38,11104,10461,185.07,1.0288,1
2026-06-13 15:01:38,10424,7994,173.73,0.8584,1
2026-06-13 15:02:38,10239,8874,170.65,1.0153,1
2026-06-13 15:03:38,10389,7949,173.15,0.8641,1
2026-06-13 15:04:38,10617,8458,176.95,1.0206,1
2026-06-13 15:05:38,10879,9199,181.32,0.971,1
2026-06-13 15:06:38,10994,10696,183.23,1.014,1
2026-06-13 15:07:38,9986,9203,166.43,0.9477,1
2026-06-13 15:08:38,10663,9054,177.72,0.9226,1
2026-06-13 15:09:38,10986,9800,183.1,0.9857,1
2026-06-13 15:10:38,9885,8775,164.75,0.8619,1
2026-06-13 15:11:38,10998,10348,183.3,1.0693,1
2026-06-13 15:12:38,10958,9049,182.63,1.0161,1
2026-06-13 15:13:38,10303,8913,171.72,0.9681,1
2026-06-13 15:14:38,10424,9021,173.73,0.8851,1
2026-06-13 15:15:38,10706,9223,178.43,0.9201,1
2026-06-13 15:16:38,10243,7784,170.72,0.9555,1
2026-06-13 15:17:38,10316,9250,171.93,0.8779,1
2026-06-13 15:18:38,9895,7877,164.92,0.8499,1
2026-06-13 15:19:38,10830,9987,180.5,0.9162,1
2026-06-13 15:20:38,10760,9891,179.33,0.8893,1
2026-06-13 15:21:38,11156,9392,185.93,1.0778,1
2026-06-13 15:22:38,10980,9104,183.0,0.9516,1
2026-06-13 15:23:38,9800,7616,163.33,0.8385,1
2026-06-13 15:24:38,10845,8162,180.75,0.9697,1
2026-06-13 15:25:38,9403,6609,156.72,0.8025,1
2026-06-13 15:26:38,10209,7795,170.15,0.8383,1
2026-06-13 15:27:38,9941,7933,165.68,0.861,1
2026-06-13 15:28:38,10403,8533,173.38,0.9642,1
2026-06-13 15:29:38,10936,10196,182.27,0.9821,1
2026-06-13 15:30:38,10761,9792,179.35,1.057,1
2026-06-13 15:31:38,10200,9478,170.0,0.9111,1
2026-06-13 15:32:38,10619,8166,176.98,1.0198,1
2026-06-13 15:33:38,10516,10146,175.27,0.8915,1
2026-06-13 15:34:38,9808,8228,163.47,0.8077,1
2026-06-13 15:35:38,10017,8337,166.95,0.9887,1
2026-06-13 15:36:38,10152,8476,169.2,0.9744,1
2026-06-13 15:37:38,10646,9577,177.43,0.9878,1
2026-06-13 15:38:38,9867,8921,164.45,0.8586,1
2026-06-13 15:39:38,10762,8509,179.37,0.9522,1
2026-06-13 15:40:38,10565,9706,176.08,0.8959,1
2026-06-13 15:41:38,11048,10872,184.13,0.9972,1
2026-06-13 15:42:38,9881,7338,164.68,0.8631,1
2026-06-13 15:43:38,10464,9497,174.4,0.8405,1
2026-06-13 15:44:38,10929,8864,182.15,1.0434,1
2026-06-13 15:45:38,11261,10259,187.68,0.9586,1
2026-06-13 15:46:38,10198,7479,169.97,0.9226,1
2026-06-13 15:47:38,10321,9327,172.02,0.97,1
2026-06-13 15:48:38,10293,8078,171.55,0.9306,1
2026-06-13 15:49:38,10878,10309,181.3,1.0448,1
2026-06-13 15:50:38,10932,9933,182.2,1.0024,1
2026-06-13 15:51:38,10426,9761,173.77,1.0113,1
2026-06-13 15:52:38,10326,8314,172.1,0.8704,1
2026-06-13 15:53:38,10528,9079,175.47,1.0001,1
2026-06-13 15:54:38,9534,6742,158.9,0.9418,1
2026-06-13 15:55:38,10908,8913,181.8,0.8672,1
2026-06-13 15:56:38,10479,8031,174.65,1.0516,1
2026-06-13 15:57:38,10615,8635,176.92,0.987,1
2026-06-13 15:58:38,10515,9199,175.25,0.8714,1
2026-06-13 15:59:38,10814,10196,180.23,1.0413,1
2026-06-13 16:00:38,9681,8031,161.35,0.8226,1
2026-06-13 16:01:38,10978,10375,182.97,0.9425,1
2026-06-13 16:02:38,9387,7365,156.45,0.807,1
2026-06-13 16:03:38,10242,9131,170.7,1.0477,1
2026-06-13 16:04:38,9736,7914,162.27,0.9311,1
2026-06-13 16:05:38,10726,8896,178.77,0.9684,1
2026-06-13 16:06:38,11127,10802,185.45,1.0917,1
2026-06-13 16:07:38,10906,9631,181.77,0.9144,1
2026-06-13 16:08:38,10926,10499,182.1,1.0785,1
2026-06-13 16:09:38,10389,8124,173.15,0.8921,1
2026-06-13 16:10:38,10684,9655,178.07,0.8625,1
2026-06-13 16:11:38,10831,8953,180.52,0.9652,1
2026-06-13 16:12:38,10485,10000,174.75,1.0248,1
2026-06-13 16:13:38,10840,9423,180.67,0.9432,1
2026-06-13 16:14:38,10361,7791,172.68,1.0166,1
2026-06-13 16:15:38,10291,8752,171.52,0.9688,1
2026-06-13 16:16:38,10747,10219,179.12,0.9395,1
2026-06-13 16:17:38,10405,9266,173.42,0.862,1
2026-06-13 16:18:38,10858,10591,180.97,1.0049,1
2026-06-13 16:19:38,10910,9382,181.83,0.9134,1
2026-06-13 16:20:38,10944,8822,182.4,1.0172,1
2026-06-13 16:21:38,10883,9192,181.38,0.941,1
2026-06-13 16:22:38,9334,7516,155.57,0.8784,1
2026-06-13 16:23:38,10953,10614,182.55,0.9705,1
2026-06-13 16:24:38,11004,10222,183.4,0.9597,1
2026-06-13 16:25:38,11084,8959,184.73,0.9347,1
2026-06-13 16:26:38,9680,6650,161.33,0.8233,1
2026-06-13 16:27:38,9751,7123,162.52,0.877,1
2026-06-13 16:28:38,9860,7927,164.33,0.9564,1
2026-06-13 16:29:38,10982,10822,183.03,0.9185,1
2026-06-13 16:30:38,10289,8943,171.48,0.9325,1
2026-06-13 16:31:38,10721,8581,178.68,1.0936,1
2026-06-13 16:32:38,10557,8309,175.95,0.9054,1
2026-06-13 16:33:38,10854,9177,180.9,1.0607,1
2026-06-13 16:34:38,10608,9141,176.8,1.0356,1
2026-06-13 16:35:38,10551,9699,175.85,0.9086,1
2026-06-13 16:36:38,9879,7453,164.65,0.9276,1
2026-06-13 16:37:38,9726,7462,162.1,0.846,1
2026-06-13 16:38:38,10837,9297,180.62,1.0214,1
2026-06-13 16:39:38,10532,9318,175.53,0.9045,1
2026-06-13 16:40:38,10433,10135,173.88,0.9662,1
2026-06-13 16:41:38,9908,8469,165.13,0.9241,1
2026-06-13 16:42:38,10620,9128,177.0,0.8482,1
2026-06-13 16:43:38,10884,10537,181.4,0.9561,1
2026-06-13 16:44:38,11060,9600,184.33,0.913,1
2026-06-13 16:45:38,11026,8833,183.77,0.9191,1
2026-06-13 16:46:38,9973,8335,166.22,0.879,1
2026-06-13 16:47:38,10747,8755,179.12,0.9818,1
2026-06-13 16:48:38,10662,9622,177.7,0.9429,1
2026-06-13 16:49:38,10138,8216,168.97,0.9912,1
2026-06-13 16:50:38,10119,8491,168.65,1.0027,1
2026-06-13 16:51:38,10903,9299,181.72,0.8913,1
2026-06-13 16:52:38,10776,10135,179.6,1.093,1
2026-06-13 16:53:38,10851,9850,180.85,0.9301,1
2026-06-13 16:54:38,10617,10512,176.95,0.9733,1
2026-06-13 16:55:38,10593,8553,176.55,0.89,1
2026-06-13 16:56:38,10199,7732,169.98,0.9316,1
2026-06-13 16:57:38,10329,8561,172.15,0.8837,1
2026-06-13 16:58:38,10782,9734,179.7,1.066,1
2026-06-13 16:59:38,9934,8757,165.57,0.9255,1
2026-06-13 17:00:38,9487,7669,158.12,0.9448,1
2026-06-13 17:01:38,9577,7361,159.62,0.7972,1
2026-06-13 17:02:38,9757,8029,162.62,0.9741,1
2026-06-13 17:03:38,7972,4712,132.87,0.6848,1
2026-06-13 17:04:38,6749,3166,112.48,0.5108,1
2026-06-13 17:05:38,5908,2414,98.47,0.5474,1
2026-06-13 17:06:38,4834,1729,80.57,0.4885,0
2026-06-13 17:07:38,4783,1551,79.72,0.3871,0
2026-06-13 17:08:38,3857,1054,64.28,0.2415,0
2026-06-13 17:09:38,3302,734,55.03,0.3185,0
2026-06-13 17:10:38,2834,467,47.23,0.1939,0
2026-06-13 17:11:38,2139,184,35.65,0.0196,0
2026-06-13 17:12:38,1098,0,18.3,0.0776,0
2026-06-13 17:13:38,1185,58,19.75,-0.0295,0
2026-06-13 17:14:38,650,0,10.83,-0.0351,0
2026-06-13 17:15:38,1731,138,28.85,0.1438,0
2026-06-13 17:16:38,1880,161,31.33,0.0506,0
2026-06-13 17:17:38,855,0,14.25,-0.0631,0
2026-06-13 17:18:38,1411,36,23.52,-0.0362,0
2026-06-13 17:19:38,1394,23,23.23,-0.051,0
2026-06-13 17:20:38,1089,9,18.15,-0.0774,0
2026-06-13 17:21:38,823,0,13.72,-0.0529,0
2026-06-13 17:22:38,1371,78,22.85,0.0362,0
2026-06-13 17:23:38,1189,2,19.82,-0.0317,0
2026-06-13 17:24:38,1262,0,21.03,-0.0526,0
2026-06-13 17:25:38,1263,0,21.05,0.0115,0
2026-06-13 17:26:38,1154,0,19.23,0.0444,0
2026-06-13 17:27:38,1397,0,23.28,0.0066,0
2026-06-13 17:28:38,832,5,13.87,0.0513,0
2026-06-13 17:29:38,1352,52,22.53,0.0334,0
2026-06-13 17:30:38,1758,75,29.3,0.0271,0
2026-06-13 17:31:38,1272,66,21.2,0.1053,0
2026-06-13 17:32:38,1049,0,17.48,-0.0557,0
2026-06-13 17:33:38,891,30,14.85,0.0886,0
2026-06-13 17:34:38,796,0,13.27,0.0611,0
2026-06-13 17:35:38,1756,153,29.27,0.1427,0
2026-06-13 17:36:38,1966,138,32.77,0.17,0
2026-06-13 17:37:38,977,0,16.28,-0.0907,0
2026-06-13 17:38:38,1218,57,20.3,0.092,0
2026-06-13 17:39:38,1295,5,21.58,-0.0794,0
2026-06-13 17:40:38,1431,45,23.85,-0.0039,0
2026-06-13 17:41:38,1552,100,25.87,0.033,0
2026-06-13 17:42:38,1053,0,17.55,0.0998,0
2026-06-13 17:43:38,884,0,14.73,0.0449,0
2026-06-13 17:44:38,1096,0,18.27,-0.0402,0
2026-06-13 17:45:38,876,6,14.6,-0.0386,0
2026-06-13 17:46:38,1630,110,27.17,0.059,0
2026-06-13 17:47:38,1791,71,29.85,0.091,0
2026-06-13 17:48:38,2000,128,33.33,0.1061,0
2026-06-13 17:49:38,1623,92,27.05,0.1452,0
2026-06-13 17:50:38,929,0,15.48,-0.0248,0
2026-06-13 17:51:38,1316,7,21.93,-0.0325,0
2026-06-13 17:52:38,743,0,12.38,0.0314,0
2026-06-13 17:53:38,1312,37,21.87,0.1169,0
2026-06-13 17:54:38,917,0,15.28,0.0038,0
2026-06-13 17:55:38,2076,202,34.6,0.1738,0
2026-06-13 17:56:38,1152,30,19.2,-0.0334,0
2026-06-13 17:57:38,2636,284,43.93,0.1699,0
2026-06-13 17:58:38,2174,240,36.23,0.0917,0
2026-06-13 17:59:38,1139,28,18.98,0.0936,0
2026-06-13 18:00:38,975,5,16.25,0.0638,0
2026-06-13 18:01:38,1166,19,19.43,0.0002,0
2026-06-13 18:02:38,809,0,13.48,0.0948,0
2026-06-13 18:03:38,1014,2,16.9,0.0554,0
2026-06-13 18:04:38,1983,173,33.05,0.1745,0
2026-06-13 18:05:38,1607,78,26.78,0.0161,0
2026-06-13 18:06:38,2569,185,42.82,0.0153,0
2026-06-13 18:07:38,1409,0,23.48,-0.0521,0
2026-06-13 18:08:38,936,0,15.6,-0.0024,0
2026-06-13 18:09:38,1132,0,18.87,0.0067,0
2026-06-13 18:10:38,1422,82,23.7,0.132,0
2026-06-13 18:11:38,1814,110,30.23,0.0445,0
2026-06-13 18:12:38,1911,105,31.85,0.0372,0
2026-06-13 18:13:38,1257,59,20.95,0.0165,0
2026-06-13 18:14:38,732,0,12.2,0.0925,0
2026-06-13 18:15:38,772,0,12.87,0.0272,0
2026-06-13 18:16:38,1419,3,23.65,0.0867,0
2026-06-13 18:17:38,1243,20,20.72,0.0076,0
2026-06-13 18:18:38,954,0,15.9,0.0637,0
2026-06-13 18:19:38,1167,25,19.45,-0.0341,0
2026-06-13 18:20:38,1347,54,22.45,-0.014,0
2026-06-13 18:21:38,681,0,11.35,0.0237,0
2026-06-13 18:22:38,1159,72,19.32,-0.0138,0
2026-06-13 18:23:38,857,5,14.28,0.0387,0
2026-06-13 18:24:38,1492,65,24.87,0.0209,0
2026-06-13 18:25:38,1220,21,20.33,-0.0025,0
2026-06-13 18:26:38,947,19,15.78,-0.023,0
2026-06-13 18:27:38,824,0,13.73,-0.0883,0
2026-06-13 18:28:38,1014,0,16.9,-0.0876,0
2026-06-13 18:29:38,1806,107,30.1,0.1104,0
2026-06-13 18:30:38,1232,32,20.53,-0.0002,0
2026-06-13 18:31:38,1341,26,22.35,-0.062,0
2026-06-13 18:32:38,992,0,16.53,-0.0843,0
2026-06-13 18:33:38,852,0,14.2,-0.0672,0
2026-06-13 18:34:38,1065,16,17.75,-0.0628,0
2026-06-13 18:35:38,1247,35,20.78,0.0765,0
2026-06-13 18:36:38,825,7,13.75,0.001,0
2026-06-13 18:37:38,1726,89,28.77,0.143,0
2026-06-13 18:38:38,839,0,13.98,0.0243,0
2026-06-13 18:39:38,1158,26,19.3,0.0756,0
2026-06-13 18:40:38,1584,39,26.4,0.0587,0
2026-06-13 18:41:38,1165,0,19.42,0.0931,0
2026-06-13 18:42:38,855,0,14.25,0.0118,0
2026-06-13 18:43:38,1373,31,22.88,0.0543,0
2026-06-13 18:44:38,2197,156,36.62,0.1127,0
2026-06-13 18:45:38,1184,20,19.73,0.1173,0
2026-06-13 18:46:38,1322,36,22.03,0.0805,0
2026-06-13 18:47:38,915,2,15.25,0.0216,0
2026-06-13 18:48:38,1742,76,29.03,0.1302,0
2026-06-13 18:49:38,947,0,15.78,-0.02,0
2026-06-13 18:50:38,1098,0,18.3,0.0186,0
2026-06-13 18:51:38,1232,0,20.53,-0.0804,0
2026-06-13 18:52:38,1206,12,20.1,0.1062,0
2026-06-13 18:53:38,1018,0,16.97,0.0579,0
2026-06-13 18:54:38,1308,28,21.8,0.0277,0
2026-06-13 18:55:38,536,0,8.93,0.0866,0
2026-06-13 18:56:38,1787,126,29.78,0.0768,0
2026-06-13 18:57:38,1587,122,26.45,0.0028,0
2026-06-13 18:58:38,1368,54,22.8,0.0712,0
2026-06-13 18:59:38,2177,204,36.28,0.0244,0
2026-06-13 19:00:38,1626,79,27.1,0.0586,0
2026-06-13 19:01:38,1076,0,17.93,0.0474,0
2026-06-13 19:02:38,2260,255,37.67,0.1498,0
2026-06-13 19:03:38,1762,147,29.37,0.1667,0
2026-06-13 19:04:38,1168,0,19.47,0.0146,0
2026-06-13 19:05:38,1073,0,17.88,0.0862,0
2026-06-13 19:06:38,1501,79,25.02,-0.0085,0
2026-06-13 19:07:38,2039,142,33.98,-0.0131,0
2026-06-13 19:08:38,843,7,14.05,-0.0512,0
2026-06-13 19:09:38,1402,56,23.37,0.0063,0
2026-06-13 19:10:38,1357,32,22.62,0.0207,0
2026-06-13 19:11:38,903,0,15.05,0.0056,0
2026-06-13 19:12:38,2030,176,33.83,0.143,0
2026-06-13 19:13:38,1765,115,29.42,0.1551,0
2026-06-13 19:14:38,1705,76,28.42,-0.0346,0
2026-06-13 19:15:38,1140,0,19.0,0.022,0
2026-06-13 19:16:38,1330,20,22.17,0.034,0
2026-06-13 19:17:38,918,0,15.3,-0.0895,0
2026-06-13 19:18:38,986,0,16.43,0.05,0
2026-06-13 19:19:38,969,0,16.15,-0.0265,0
2026-06-13 19:20:38,1127,27,18.78,-0.0606,0
2026-06-13 19:21:38,651,0,10.85,0.0115,0
2026-06-13 19:22:38,640,0,10.67,-0.0676,0
2026-06-13 19:23:38,1734,38,28.9,0.0711,0
2026-06-13 19:24:38,1541,0,25.68,0.0605,0
2026-06-13 19:25:38,1292,29,21.53,-0.076,0
2026-06-13 19:26:38,1031,0,17.18,0.0064,0
2026-06-13 19:27:38,1303,0,21.72,-0.0021,0
2026-06-13 19:28:38,895,0,14.92,-0.03,0
2026-06-13 19:29:38,1063,0,17.72,0.032,0
2026-06-13 19:30:38,1295,0,21.58,-0.0178,0
2026-06-13 19:31:38,1378,43,22.97,-0.0543,0
2026-06-13 19:32:38,1151,0,19.18,-0.0608,0
2026-06-13 19:33:38,1765,85,29.42,0.086,0
2026-06-13 19:34:38,729,2,12.15,0.0311,0
2026-06-13 19:35:38,1184,0,19.73,-0.012,0
2026-06-13 19:36:38,1395,0,23.25,-0.0641,0
2026-06-13 19:37:38,1952,96,32.53,-0.0275,0
2026-06-13 19:38:38,1081,0,18.02,0.0957,0
2026-06-13 19:39:38,1168,0,19.47,0.0068,0
2026-06-13 19:40:38,1585,67,26.42,-0.0136,0
2026-06-13 19:41:38,1033,0,17.22,0.0437,0
2026-06-13 19:42:38,1156,25,19.27,-0.0009,0
2026-06-13 19:43:38,1357,35,22.62,-0.0252,0
2026-06-13 19:44:38,1385,57,23.08,0.0526,0
2026-06-13 19:45:38,1734,95,28.9,0.1469,0
2026-06-13 19:46:38,1648,73,27.47,-0.0317,0
2026-06-13 19:47:38,889,7,14.82,0.0912,0
2026-06-13 19:48:38,1445,77,24.08,0.1449,0
2026-06-13 19:49:38,892,0,14.87,-0.0401,0
2026-06-13 19:50:38,1553,41,25.88,-0.0172,0
2026-06-13 19:51:38,2691,430,44.85,0.1153,0
2026-06-13 19:52:38,2689,384,44.82,0.1039,0
2026-06-13 19:53:38,2151,244,35.85,0.063,0
2026-06-13 19:54:38,1644,29,27.4,0.0281,0
2026-06-13 19:55:38,944,0,15.73,0.018,0
2026-06-13 19:56:38,1034,12,17.23,-0.0797,0
2026-06-13 19:57:38,1345,53,22.42,-0.0256,0
2026-06-13 19:58:38,931,4,15.52,-0.0221,0
2026-06-13 19:59:38,813,2,13.55,-0.0901,0
2026-06-13 20:00:38,1325,0,22.08,0.0348,0
2026-06-13 20:01:38,1919,105,31.98,0.0693,0
2026-06-13 20:02:38,1794,159,29.9,0.0131,0
2026-06-13 20:03:38,2367,239,39.45,0.1908,0
2026-06-13 20:04:38,1562,75,26.03,0.0375,0
2026-06-13 20:05:38,1733,96,28.88,0.0413,0
2026-06-13 20:06:38,1179,14,19.65,-0.0131,0
2026-06-13 20:07:38,1360,49,22.67,0.1373,0
2026-06-13 20:08:38,1353,55,22.55,0.1426,0
2026-06-13 20:09:38,2108,161,35.13,0.1693,0
2026-06-13 20:10:38,1912,158,31.87,0.0085,0
2026-06-13 20:11:38,1662,65,27.7,0.0759,0
2026-06-13 20:12:38,843,0,14.05,-0.0568,0
2026-06-13 20:13:38,1495,72,24.92,0.1383,0
2026-06-13 20:14:38,1225,0,20.42,0.0846,0
2026-06-13 20:15:38,1338,30,22.3,-0.065,0
2026-06-13 20:16:38,1752,121,29.2,0.1099,0
2026-06-13 20:17:38,2081,221,34.68,0.1805,0
2026-06-13 20:18:38,2240,245,37.33,0.1695,0
2026-06-13 20:19:38,2173,249,36.22,0.1635,0
2026-06-13 20:20:38,1321,15,22.02,-0.0784,0
2026-06-13 20:21:38,776,2,12.93,-0.0002,0
2026-06-13 20:22:38,1747,105,29.12,0.1103,0
2026-06-13 20:23:38,1118,3,18.63,0.0998,0
2026-06-13 20:24:38,1085,12,18.08,0.0017,0
2026-06-13 20:25:38,1657,87,27.62,0.1309,0
2026-06-13 20:26:38,1001,0,16.68,0.0794,0
2026-06-13 20:27:38,1399,72,23.32,-0.0309,0
2026-06-13 20:28:38,1854,132,30.9,0.1048,0
2026-06-13 20:29:38,1414,44,23.57,0.0845,0
2026-06-13 20:30:38,2044,191,34.07,0.0298,0
2026-06-13 20:31:38,1942,67,32.37,0.1143,0
2026-06-13 20:32:38,1334,17,22.23,0.0174,0
2026-06-13 20:33:38,1527,74,25.45,0.0076,0
2026-06-13 20:34:38,2434,298,40.57,0.1494,0
2026-06-13 20:35:38,1036,34,17.27,0.1038,0
2026-06-13 20:36:38,1478,64,24.63,-0.0358,0
2026-06-13 20:37:38,984,0,16.4,-0.0979,0
2026-06-13 20:38:38,1533,75,25.55,-0.025,0
2026-06-13 20:39:38,804,12,13.4,0.0123,0
2026-06-13 20:40:38,1217,56,20.28,0.1218,0
2026-06-13 20:41:38,1058,0,17.63,-0.0774,0
2026-06-13 20:42:38,888,0,14.8,0.0233,0
2026-06-13 20:43:38,1049,0,17.48,-0.0156,0
2026-06-13 20:44:38,1375,45,22.92,0.1262,0
2026-06-13 20:45:38,650,0,10.83,0.0395,0
2026-06-13 20:46:38,1605,87,26.75,0.0555,0
2026-06-13 20:47:38,2483,304,41.38,0.1288,0
2026-06-13 20:48:38,2887,529,48.12,0.2395,0
2026-06-13 20:49:38,2322,231,38.7,0.0816,0
2026-06-13 20:50:38,2239,271,37.32,0.1973,0
2026-06-13 20:51:38,1778,165,29.63,0.0308,0
2026-06-13 20:52:38,1259,20,20.98,0.047,0
2026-06-13 20:53:38,1088,3,18.13,0.1029,0
2026-06-13 20:54:38,1547,60,25.78,0.0266,0
2026-06-13 20:55:38,1853,113,30.88,0.1256,0
2026-06-13 20:56:38,972,0,16.2,-0.047,0
2026-06-13 20:57:38,1107,11,18.45,0.0733,0
2026-06-13 20:58:38,1078,7,17.97,-0.0343,0
2026-06-13 20:59:38,882,0,14.7,-0.0918,0
2026-06-13 21:00:38,1717,106,28.62,-0.0017,0
2026-06-13 21:01:38,1008,0,16.8,-0.0749,0
2026-06-13 21:02:38,3034,502,50.57,0.1975,0
2026-06-13 21:03:38,1515,84,25.25,0.1188,0
2026-06-13 21:04:38,1966,103,32.77,0.1178,0
2026-06-13 21:05:38,1386,46,23.1,-0.0026,0
2026-06-13 21:06:38,916,0,15.27,0.0415,0
2026-06-13 21:07:38,918,0,15.3,0.0824,0
2026-06-13 21:08:38,760,0,12.67,-0.0173,0
2026-06-13 21:09:38,1620,73,27.0,0.0914,0
2026-06-13 21:10:38,1010,0,16.83,0.0397,0
2026-06-13 21:11:38,1397,7,23.28,0.0132,0
2026-06-13 21:12:38,2175,169,36.25,0.0234,0
2026-06-13 21:13:38,785,8,13.08,0.0667,0
2026-06-13 21:14:38,917,0,15.28,-0.0571,0
2026-06-13 21:15:38,1435,12,23.92,-0.0078,0
2026-06-13 21:16:38,1703,95,28.38,0.1494,0
2026-06-13 21:17:38,1956,149,32.6,0.0361,0
2026-06-13 21:18:38,1677,99,27.95,0.0918,0
2026-06-13 21:19:38,689,0,11.48,0.0708,0
2026-06-13 21:20:38,1133,0,18.88,-0.0183,0
2026-06-13 21:21:38,943,0,15.72,-0.0396,0
2026-06-13 21:22:38,1226,0,20.43,-0.0895,0
2026-06-13 21:23:38,1250,20,20.83,0.0284,0
2026-06-13 21:24:38,1464,51,24.4,-0.035,0
2026-06-13 21:25:38,1937,140,32.28,0.1581,0
2026-06-13 21:26:38,838,0,13.97,0.0251,0
2026-06-13 21:27:38,2789,384,46.48,0.108,0
2026-06-13 21:28:38,3189,584,53.15,0.2271,0
2026-06-13 21:29:38,3614,769,60.23,0.2101,0
2026-06-13 21:30:38,3177,581,52.95,0.314,0
2026-06-13 21:31:38,3193,544,53.22,0.1685,0
2026-06-13 21:32:38,2394,358,39.9,0.0715,0
2026-06-13 21:33:38,1942,171,32.37,0.0334,0
2026-06-13 21:34:38,1085,26,18.08,-0.0533,0
2026-06-13 21:35:38,1325,30,22.08,0.0544,0
2026-06-13 21:36:38,1128,31,18.8,0.0145,0
2026-06-13 21:37:38,2445,211,40.75,0.0117,0
2026-06-13 21:38:38,2045,145,34.08,0.0128,0
2026-06-13 21:39:38,1572,78,26.2,0.0007,0
2026-06-13 21:40:38,985,0,16.42,-0.0769,0
2026-06-13 21:41:38,1559,24,25.98,0.0929,0
2026-06-13 21:42:38,1401,9,23.35,-0.0021,0
2026-06-13 21:43:38,1140,21,19.0,0.0228,0
2026-06-13 21:44:38,1069,0,17.82,0.0512,0
2026-06-13 21:45:38,711,0,11.85,0.0641,0
2026-06-13 21:46:38,1599,69,26.65,-0.0331,0
2026-06-13 21:47:38,1445,55,24.08,0.1356,0
2026-06-13 21:48:38,807,0,13.45,-0.0239,0
2026-06-13 21:49:38,2105,165,35.08,0.1215,0
2026-06-13 21:50:38,1934,162,32.23,0.1317,0
2026-06-13 21:51:38,913,6,15.22,-0.0308,0
2026-06-13 21:52:38,1109,25,18.48,0.0234,0
2026-06-13 21:53:38,1117,0,18.62,0.0005,0
2026-06-13 21:54:38,1597,105,26.62,0.0486,0
2026-06-13 21:55:38,1038,0,17.3,-0.0621,0
2026-06-13 21:56:38,1065,13,17.75,0.0981,0
2026-06-13 21:57:38,1456,51,24.27,-0.045,0
2026-06-13 21:58:38,1427,52,23.78,-0.0488,0
2026-06-13 21:59:38,843,0,14.05,-0.0913,0
2026-06-13 22:00:38,1400,28,23.33,-0.0648,0
2026-06-13 22:01:38,1137,28,18.95,0.0316,0
2026-06-13 22:02:38,1338,31,22.3,-0.0303,0
2026-06-13 22:03:38,1393,0,23.22,-0.0163,0
2026-06-13 22:04:38,1607,83,26.78,0.019,0
2026-06-13 22:05:38,2206,232,36.77,0.2019,0
2026-06-13 22:06:38,2050,133,34.17,0.0673,0
2026-06-13 22:07:38,1804,126,30.07,0.0916,0
2026-06-13 22:08:38,1023,1,17.05,-0.0668,0
2026-06-13 22:09:38,1015,11,16.92,0.0409,0
2026-06-13 22:10:38,2555,315,42.58,0.0936,0
2026-06-13 22:11:38,1874,134,31.23,0.0014,0
2026-06-13 22:12:38,1088,24,18.13,-0.0226,0
2026-06-13 22:13:38,1095,0,18.25,0.0813,0
2026-06-13 22:14:38,1458,27,24.3,-0.0387,0
2026-06-13 22:15:38,1233,0,20.55,-0.0264,0
2026-06-13 22:16:38,1566,131,26.1,0.1799,0
2026-06-13 22:17:38,2013,156,33.55,0.1361,0
2026-06-13 22:18:38,1556,47,25.93,0.0402,0
2026-06-13 22:19:38,1710,101,28.5,0.0096,0
2026-06-13 22:20:38,956,0,15.93,0.0807,0
2026-06-13 22:21:38,1778,105,29.63,0.1513,0
2026-06-13 22:22:38,1026,0,17.1,0.0912,0
2026-06-13 22:23:38,1121,30,18.68,-0.0705,0
2026-06-13 22:24:38,1451,0,24.18,0.0255,0
2026-06-13 22:25:38,1015,0,16.92,0.0662,0
2026-06-13 22:26:38,1722,120,28.7,0.0529,0
2026-06-13 22:27:38,942,0,15.7,0.0893,0
2026-06-13 22:28:38,2293,217,38.22,0.0441,0
2026-06-13 22:29:38,1958,165,32.63,0.1724,0
2026-06-13 22:30:38,1426,80,23.77,0.133,0
2026-06-13 22:31:38,2669,308,44.48,0.2089,0
2026-06-13 22:32:38,2086,211,34.77,0.0602,0
2026-06-13 22:33:38,1785,106,29.75,0.1039,0
2026-06-13 22:34:38,952,0,15.87,0.0648,0
2026-06-13 22:35:38,1151,0,19.18,-0.0949,0
2026-06-13 22:36:38,832,0,13.87,-0.0189,0
2026-06-13 22:37:38,1702,109,28.37,0.1261,0
2026-06-13 22:38:38,2033,213,33.88,0.1013,0
2026-06-13 22:39:38,1836,86,30.6,0.059,0
2026-06-13 22:40:38,1971,135,32.85,0.0931,0
2026-06-13 22:41:38,882,0,14.7,-0.0171,0
2026-06-13 22:42:38,1186,22,19.77,0.0789,0
2026-06-13 22:43:38,870,0,14.5,-0.0561,0
2026-06-13 22:44:38,1058,5,17.63,-0.0272,0
2026-06-13 22:45:38,2039,135,33.98,-0.0228,0
2026-06-13 22:46:38,1349,67,22.48,-0.0168,0
2026-06-13 22:47:38,1974,141,32.9,0.0809,0
2026-06-13 22:48:38,1688,125,28.13,0.1757,0
2026-06-13 22:49:38,2050,210,34.17,0.1071,0
2026-06-13 22:50:38,1409,28,23.48,0.0097,0
2026-06-13 22:51:38,1338,24,22.3,0.0449,0
2026-06-13 22:52:38,855,4,14.25,0.0997,0
2026-06-13 22:53:38,804,2,13.4,-0.0475,0
2026-06-13 22:54:38,1122,53,18.7,0.0019,0
2026-06-13 22:55:38,1570,106,26.17,0.1649,0
2026-06-13 22:56:38,1934,127,32.23,0.1012,0
2026-06-13 22:57:38,1049,0,17.48,0.016,0
2026-06-13 22:58:38,1050,0,17.5,0.0246,0
2026-06-13 22:59:38,632,0,10.53,0.0297,0
2026-06-13 23:00:38,1464,60,24.4,0.0952,0
2026-06-13 23:01:38,890,18,14.83,-0.0111,0
2026-06-13 23:02:38,954,0,15.9,-0.0569,0
2026-06-13 23:03:38,1854,111,30.9,0.0522,0
2026-06-13 23:04:38,1728,66,28.8,-0.0025,0
2026-06-13 23:05:38,1114,0,18.57,0.0329,0
2026-06-13 23:06:38,1467,0,24.45,-0.0561,0
2026-06-13 23:07:38,1097,0,18.28,0.0741,0
2026-06-13 23:08:38,2005,206,33.42,0.0342,0
2026-06-13 23:09:38,1848,135,30.8,0.0175,0
2026-06-13 23:10:38,999,9,16.65,0.0143,0
2026-06-13 23:11:38,476,0,7.93,0.0411,0
2026-06-13 23:12:38,1008,11,16.8,0.0634,0
2026-06-13 23:13:38,854,0,14.23,0.0426,0
2026-06-13 23:14:38,1552,71,25.87,0.1138,0
2026-06-13 23:15:38,1665,105,27.75,0.0321,0
2026-06-13 23:16:38,1131,0,18.85,-0.0389,0
2026-06-13 23:17:38,1622,84,27.03,0.1212,0
2026-06-13 23:18:38,1015,0,16.92,0.0109,0
2026-06-13 23:19:38,863,0,14.38,0.0333,0
2026-06-13 23:20:38,1722,133,28.7,0.1286,0
2026-06-13 23:21:38,1870,135,31.17,0.1372,0
2026-06-13 23:22:38,1825,170,30.42,0.2121,0
2026-06-13 23:23:38,1880,145,31.33,0.0196,0
2026-06-13 23:24:38,869,0,14.48,-0.0158,0
2026-06-13 23:25:38,1517,12,25.28,0.0791,0
2026-06-13 23:26:38,790,0,13.17,0.0924,0
2026-06-13 23:27:38,696,0,11.6,-0.0162,0
2026-06-13 23:28:38,2347,248,39.12,0.1698,0
2026-06-13 23:29:38,1614,46,26.9,0.117,0
2026-06-13 23:30:38,1958,179,32.63,0.0965,0
2026-06-13 23:31:38,1663,65,27.72,-0.0154,0
2026-06-13 23:32:38,1535,79,25.58,0.1368,0
2026-06-13 23:33:38,1504,107,25.07,-0.014,0
2026-06-13 23:34:38,782,0,13.03,-0.0441,0
2026-06-13 23:35:38,836,0,13.93,0.0198,0
2026-06-13 23:36:38,927,0,15.45,-0.0258,0
2026-06-13 23:37:38,1661,64,27.68,0.1473,0
2026-06-13 23:38:38,1816,95,30.27,0.0705,0
2026-06-13 23:39:38,1319,53,21.98,-0.0218,0
2026-06-13 23:40:38,649,0,10.82,0.0675,0
2026-06-13 23:41:38,1092,27,18.2,0.0841,0
2026-06-13 23:42:38,1007,23,16.78,-0.012,0
2026-06-13 23:43:38,1798,126,29.97,0.1583,0
2026-06-13 23:44:38,1206,23,20.1,0.0624,0
2026-06-13 23:45:38,1238,0,20.63,0.0385,0
2026-06-13 23:46:38,972,0,16.2,-0.0143,0
2026-06-13 23:47:38,1068,22,17.8,-0.0222,0
2026-06-13 23:48:38,1711,79,28.52,0.0341,0
2026-06-13 23:49:38,1141,0,19.02,-0.0904,0
2026-06-13 23:50:38,841,0,14.02,0.0404,0
2026-06-13 23:51:38,896,0,14.93,0.0179,0
2026-06-13 23:52:38,1734,129,28.9,0.0309,0
2026-06-13 23:53:38,836,7,13.93,-0.078,0
2026-06-13 23:54:38,1306,37,21.77,0.0608,0
2026-06-13 23:55:38,1179,45,19.65,-0.0353,0
2026-06-13 23:56:38,2227,223,37.12,0.1345,0
2026-06-13 23:57:38,3380,743,56.33,0.2753,0
2026-06-13 23:58:38,3725,733,62.08,0.1792,0
2026-06-13 23:59:38,2993,578,49.88,0.2136,0
2026-06-14 00:00:38,2230,282,37.17,0.2076,0
2026-06-14 00:01:38,1832,143,30.53,0.0526,0
2026-06-14 00:02:38,2009,138,33.48,-0.0129,0
2026-06-14 00:03:38,768,0,12.8,0.0005,0
2026-06-14 00:04:38,652,0,10.87,0.0471,0
2026-06-14 00:05:38,2249,194,37.48,0.0677,0
2026-06-14 00:06:38,1408,55,23.47,0.1426,0
2026-06-14 00:07:38,1217,42,20.28,0.1179,0
2026-06-14 00:08:38,887,2,14.78,-0.0155,0
2026-06-14 00:09:38,1246,26,20.77,0.0295,0
2026-06-14 00:10:38,1334,14,22.23,0.0809,0
2026-06-14 00:11:38,1128,13,18.8,0.0359,0
2026-06-14 00:12:38,1130,0,18.83,0.0547,0
2026-06-14 00:13:38,1430,37,23.83,0.0784,0
2026-06-14 00:14:38,780,0,13.0,-0.0962,0
2026-06-14 00:15:38,703,4,11.72,-0.0668,0
2026-06-14 00:16:38,2006,205,33.43,0.1153,0
2026-06-14 00:17:38,897,0,14.95,-0.0707,0
2026-06-14 00:18:38,1402,15,23.37,0.0521,0
2026-06-14 00:19:38,943,18,15.72,0.0071,0
2026-06-14 00:20:38,1386,50,23.1,0.1187,0
2026-06-14 00:21:38,1021,8,17.02,0.0379,0
2026-06-14 00:22:38,1664,109,27.73,-0.0009,0
2026-06-14 00:23:38,1404,21,23.4,0.0739,0
2026-06-14 00:24:38,1672,100,27.87,0.0636,0
2026-06-14 00:25:38,938,0,15.63,-0.0406,0
2026-06-14 00:26:38,892,12,14.87,0.0137,0
2026-06-14 00:27:38,1007,0,16.78,-0.0026,0
2026-06-14 00:28:38,1593,65,26.55,-0.0416,0
2026-06-14 00:29:38,927,0,15.45,-0.0425,0
2026-06-14 00:30:38,638,0,10.63,-0.0454,0
2026-06-14 00:31:38,1027,12,17.12,0.0125,0
2026-06-14 00:32:38,1310,22,21.83,-0.0411,0
2026-06-14 00:33:38,1755,60,29.25,0.0887,0
2026-06-14 00:34:38,1555,37,25.92,0.0351,0
2026-06-14 00:35:38,1067,0,17.78,-0.0329,0
2026-06-14 00:36:38,948,0,15.8,-0.0676,0
2026-06-14 00:37:38,1559,80,25.98,0.0445,0
2026-06-14 00:38:38,1577,90,26.28,0.0105,0
2026-06-14 00:39:38,1042,0,17.37,-0.0664,0
2026-06-14 00:40:38,1263,37,21.05,0.0592,0
2026-06-14 00:41:38,1120,48,18.67,0.0125,0
2026-06-14 00:42:38,1083,0,18.05,0.0704,0
2026-06-14 00:43:38,960,7,16.0,0.0206,0
2026-06-14 00:44:38,1455,38,24.25,-0.038,0
2026-06-14 00:45:38,1522,49,25.37,-0.0247,0
2026-06-14 00:46:38,1640,56,27.33,0.0285,0
2026-06-14 00:47:38,1202,0,20.03,0.0823,0
2026-06-14 00:48:38,764,0,12.73,0.0795,0
2026-06-14 00:49:38,1251,60,20.85,-0.0433,0
2026-06-14 00:50:38,1276,4,21.27,-0.0218,0
2026-06-14 00:51:38,1169,0,19.48,0.0896,0
2026-06-14 00:52:38,784,1,13.07,-0.0575,0
2026-06-14 00:53:38,1420,24,23.67,0.0521,0
2026-06-14 00:54:38,739,0,12.32,-0.038,0
2026-06-14 00:55:38,1371,63,22.85,0.0475,0
2026-06-14 00:56:38,2205,229,36.75,0.0988,0
2026-06-14 00:57:38,2166,227,36.1,0.1883,0
2026-06-14 00:58:38,826,0,13.77,-0.0208,0
2026-06-14 00:59:38,1091,0,18.18,0.0098,0
2026-06-14 01:00:38,828,13,13.8,-0.0797,0
2026-06-14 01:01:38,1951,86,32.52,0.1029,0
2026-06-14 01:02:38,809,0,13.48,0.0352,0
2026-06-14 01:03:38,968,0,16.13,-0.0105,0
2026-06-14 01:04:38,1236,0,20.6,0.007,0
2026-06-14 01:05:38,2008,183,33.47,0.0038,0
2026-06-14 01:06:38,1112,44,18.53,0.0977,0
2026-06-14 01:07:38,586,0,9.77,-0.0211,0
2026-06-14 01:08:38,909,0,15.15,0.0606,0
2026-06-14 01:09:38,1492,59,24.87,0.0445,0
2026-06-14 01:10:38,1120,0,18.67,-0.0305,0
2026-06-14 01:11:38,2504,316,41.73,0.1826,0
2026-06-14 01:12:38,1646,88,27.43,0.0934,0
2026-06-14 01:13:38,773,0,12.88,-0.0163,0
2026-06-14 01:14:38,2080,173,34.67,0.1838,0
2026-06-14 01:15:38,1963,162,32.72,0.0314,0
2026-06-14 01:16:38,738,0,12.3,-0.0978,0
2026-06-14 01:17:38,1069,0,17.82,0.0557,0
2026-06-14 01:18:38,999,0,16.65,-0.0687,0
2026-06-14 01:19:38,1205,52,20.08,0.1222,0
2026-06-14 01:20:38,2151,147,35.85,0.0779,0
2026-06-14 01:21:38,1584,82,26.4,-0.0188,0
2026-06-14 01:22:38,1050,0,17.5,-0.0153,0
2026-06-14 01:23:38,1314,34,21.9,0.0061,0
2026-06-14 01:24:38,1146,37,19.1,0.0309,0
2026-06-14 01:25:38,1251,59,20.85,-0.0132,0
2026-06-14 01:26:38,599,0,9.98,0.0699,0
2026-06-14 01:27:38,1530,67,25.5,0.1273,0
2026-06-14 01:28:38,1034,16,17.23,0.0334,0
2026-06-14 01:29:38,795,0,13.25,-0.0477,0
2026-06-14 01:30:38,873,25,14.55,0.0785,0
2026-06-14 01:31:38,804,0,13.4,0.0861,0
2026-06-14 01:32:38,1211,25,20.18,0.1137,0
2026-06-14 01:33:38,1768,126,29.47,0.0431,0
2026-06-14 01:34:38,1706,114,28.43,0.1292,0
2026-06-14 01:35:38,771,0,12.85,0.0928,0
2026-06-14 01:36:38,836,0,13.93,-0.0867,0
2026-06-14 01:37:38,1199,0,19.98,0.0664,0
2026-06-14 01:38:38,933,6,15.55,0.0472,0
2026-06-14 01:39:38,1762,86,29.37,0.001,0
2026-06-14 01:40:38,969,0,16.15,0.0563,0
2026-06-14 01:41:38,1708,108,28.47,0.0879,0
2026-06-14 01:42:38,1145,0,19.08,0.0823,0
2026-06-14 01:43:38,1008,0,16.8,0.0184,0
2026-06-14 01:44:38,709,2,11.82,0.0823,0
2026-06-14 01:45:38,1727,105,28.78,-0.0149,0
2026-06-14 01:46:38,1824,130,30.4,0.0037,0
2026-06-14 01:47:38,682,0,11.37,-0.073,0
2026-06-14 01:48:38,1385,74,23.08,0.0875,0
2026-06-14 01:49:38,2710,314,45.17,0.1409,0
2026-06-14 01:50:38,1760,134,29.33,0.0202,0
2026-06-14 01:51:38,857,0,14.28,-0.0304,0
2026-06-14 01:52:38,2131,245,35.52,0.2139,0
2026-06-14 01:53:38,2001,181,33.35,0.0377,0
2026-06-14 01:54:38,1909,151,31.82,0.1811,0
2026-06-14 01:55:38,1104,31,18.4,0.0046,0
2026-06-14 01:56:38,1437,50,23.95,-0.0556,0
2026-06-14 01:57:38,1062,0,17.7,0.061,0
2026-06-14 01:58:38,1125,8,18.75,0.0649,0
2026-06-14 01:59:38,1504,67,25.07,0.0852,0
2026-06-14 02:00:38,2849,462,47.48,0.1306,0
2026-06-14 02:01:38,4199,1241,69.98,0.2995,0
2026-06-14 02:02:38,4766,1427,79.43,0.3301,0
2026-06-14 02:03:38,6669,3550,111.15,0.6369,1
2026-06-14 02:04:38,8171,4850,136.18,0.6399,1
2026-06-14 02:05:38,9003,6227,150.05,0.7786,1
2026-06-14 02:06:38,9832,7670,163.87,0.8384,1
2026-06-14 02:07:38,11099,9633,184.98,0.9774,1
2026-06-14 02:08:38,10350,7866,172.5,0.9228,1
2026-06-14 02:09:38,11336,10687,188.93,0.9114,1
2026-06-14 02:10:38,9662,8042,161.03,0.9491,1
2026-06-14 02:11:38,10191,8015,169.85,0.8454,1
2026-06-14 02:12:38,10318,9967,171.97,0.951,1
2026-06-14 02:13:38,10118,7781,168.63,0.86,1
2026-06-14 02:14:38,10528,9092,175.47,0.9218,1
2026-06-14 02:15:38,10741,8699,179.02,0.8885,1
2026-06-14 02:16:38,10481,8740,174.68,0.9099,1
2026-06-14 02:17:38,10606,9156,176.77,1.036,1
2026-06-14 02:18:38,10172,8401,169.53,0.9536,1
2026-06-14 02:19:38,11335,10744,188.92,0.9114,1
2026-06-14 02:20:38,10226,8451,170.43,0.8524,1
2026-06-14 02:21:38,10712,9414,178.53,1.0053,1
2026-06-14 02:22:38,10750,8606,179.17,1.0358,1
2026-06-14 02:23:38,11312,11134,188.53,0.9498,1
2026-06-14 02:24:38,10218,9263,170.3,0.9435,1
2026-06-14 02:25:38,10548,8875,175.8,0.977,1
2026-06-14 02:26:38,10596,9922,176.6,0.9675,1
2026-06-14 02:27:38,10404,8334,173.4,0.8865,1
2026-06-14 02:28:38,10997,10495,183.28,0.9785,1
2026-06-14 02:29:38,11184,9611,186.4,0.9193,1
2026-06-14 02:30:38,10794,9688,179.9,0.8774,1
2026-06-14 02:31:38,10891,10172,181.52,1.0583,1
2026-06-14 02:32:38,10575,8435,176.25,1.042,1
2026-06-14 02:33:38,10207,9237,170.12,0.9784,1
2026-06-14 02:34:38,10497,9963,174.95,0.9861,1
2026-06-14 02:35:38,9936,9078,165.6,0.8628,1
2026-06-14 02:36:38,9728,7862,162.13,0.921,1
2026-06-14 02:37:38,10748,9778,179.13,0.9557,1
2026-06-14 02:38:38,10300,8254,171.67,1.0268,1
2026-06-14 02:39:38,10029,8166,167.15,0.8896,1
2026-06-14 02:40:38,10259,9263,170.98,0.8932,1
2026-06-14 02:41:38,9057,6377,150.95,0.9015,1
2026-06-14 02:42:38,10287,8416,171.45,1.0243,1
2026-06-14 02:43:38,10330,8832,172.17,0.954,1
2026-06-14 02:44:38,11253,10295,187.55,0.9164,1
2026-06-14 02:45:38,10725,8873,178.75,1.004,1
2026-06-14 02:46:38,10692,8752,178.2,1.0143,1
2026-06-14 02:47:38,9812,7938,163.53,0.9345,1
2026-06-14 02:48:38,10155,8253,169.25,0.8975,1
2026-06-14 02:49:38,10598,8629,176.63,0.959,1
2026-06-14 02:50:38,10009,8282,166.82,0.8972,1
2026-06-14 02:51:38,10354,8778,172.57,1.001,1
2026-06-14 02:52:38,10399,8881,173.32,0.9996,1
2026-06-14 02:53:38,10815,10440,180.25,0.9261,1
2026-06-14 02:54:38,10009,7663,166.82,0.9939,1
2026-06-14 02:55:38,11401,10011,190.02,1.0263,1
2026-06-14 02:56:38,9551,7439,159.18,0.8797,1
2026-06-14 02:57:38,10487,8361,174.78,0.9859,1
2026-06-14 02:58:38,10396,8328,173.27,0.9934,1
2026-06-14 02:59:38,10269,8572,171.15,0.8757,1
2026-06-14 03:00:38,10099,8980,168.32,1.0033,1
2026-06-14 03:01:38,10694,9563,178.23,0.9503,1
2026-06-14 03:02:38,9989,8112,166.48,0.8522,1
2026-06-14 03:03:38,10898,10182,181.63,0.9427,1
2026-06-14 03:04:38,10162,9036,169.37,0.9672,1
2026-06-14 03:05:38,8952,6603,149.2,0.8068,1
2026-06-14 03:06:38,10716,9626,178.6,1.014,1
2026-06-14 03:07:38,11232,10284,187.2,0.9054,1
2026-06-14 03:08:38,10019,7442,166.98,0.9653,1
2026-06-14 03:09:38,10933,9342,182.22,0.9513,1
2026-06-14 03:10:38,10546,9980,175.77,0.9732,1
2026-06-14 03:11:38,10631,8443,177.18,0.962,1
2026-06-14 03:12:38,10032,7768,167.2,0.8128,1
2026-06-14 03:13:38,10825,10044,180.42,0.9679,1
2026-06-14 03:14:38,11159,10953,185.98,0.9184,1
2026-06-14 03:15:38,10801,10711,180.02,1.0962,1
2026-06-14 03:16:38,10028,7373,167.13,0.9817,1
2026-06-14 03:17:38,9771,8513,162.85,0.8038,1
2026-06-14 03:18:38,11168,9025,186.13,0.9563,1
2026-06-14 03:19:38,10445,9034,174.08,0.8669,1
2026-06-14 03:20:38,10503,8485,175.05,0.8931,1
2026-06-14 03:21:38,9802,8715,163.37,0.941,1
2026-06-14 03:22:38,10845,10197,180.75,0.9354,1
2026-06-14 03:23:38,10862,9591,181.03,1.0287,1
2026-06-14 03:24:38,10291,8863,171.52,0.8923,1
2026-06-14 03:25:38,10549,8884,175.82,0.985,1
2026-06-14 03:26:38,9427,6403,157.12,0.8524,1
2026-06-14 03:27:38,10686,8923,178.1,0.8785,1
2026-06-14 03:28:38,10855,9575,180.92,1.0005,1
2026-06-14 03:29:38,9790,7442,163.17,0.9048,1
2026-06-14 03:30:38,10462,8547,174.37,0.9876,1
2026-06-14 03:31:38,10584,9553,176.4,1.0658,1
2026-06-14 03:32:38,10469,7904,174.48,0.9685,1
2026-06-14 03:33:38,10337,7945,172.28,0.9491,1
2026-06-14 03:34:38,10114,7626,168.57,0.9264,1
2026-06-14 03:35:38,11019,9801,183.65,0.9077,1
2026-06-14 03:36:38,10784,8957,179.73,0.9459,1
2026-06-14 03:37:38,11107,10832,185.12,0.9703,1
2026-06-14 03:38:38,9282,7334,154.7,0.8556,1
2026-06-14 03:39:38,9967,8538,166.12,0.8805,1
2026-06-14 03:40:38,10264,8963,171.07,0.9438,1
2026-06-14 03:41:38,10073,8697,167.88,1.0081,1
2026-06-14 03:42:38,10961,10485,182.68,0.9829,1
2026-06-14 03:43:38,11001,8869,183.35,1.0782,1
2026-06-14 03:44:38,10285,9348,171.42,0.8482,1
2026-06-14 03:45:38,10492,9368,174.87,0.9286,1
2026-06-14 03:46:38,10246,8005,170.77,0.835,1
2026-06-14 03:47:38,10441,9110,174.02,0.9934,1
2026-06-14 03:48:38,10474,9373,174.57,0.9904,1
2026-06-14 03:49:38,9100,7300,151.67,0.7874,1
2026-06-14 03:50:38,10265,9296,171.08,0.9596,1
2026-06-14 03:51:38,10012,7711,166.87,0.9208,1
2026-06-14 03:52:38,11238,9167,187.3,1.0001,1
2026-06-14 03:53:38,10429,9345,173.82,0.9565,1
2026-06-14 03:54:38,10374,9287,172.9,0.8451,1
2026-06-14 03:55:38,9771,8436,162.85,0.9264,1
2026-06-14 03:56:38,10035,8478,167.25,0.9451,1
2026-06-14 03:57:38,10156,8777,169.27,0.9811,1
2026-06-14 03:58:38,10239,9247,170.65,0.9992,1
2026-06-14 03:59:38,10790,10057,179.83,0.9922,1
2026-06-14 04:00:38,10577,9511,176.28,0.895,1
2026-06-14 04:01:38,11174,10921,186.23,0.9446,1
2026-06-14 04:02:38,11214,9910,186.9,0.995,1
2026-06-14 04:03:38,10808,9378,180.13,0.8905,1
2026-06-14 04:04:38,10389,9308,173.15,0.913,1
2026-06-14 04:05:38,10398,8521,173.3,0.9893,1
2026-06-14 04:06:38,11198,11181,186.63,0.9773,1
2026-06-14 04:07:38,10968,10043,182.8,0.9075,1
2026-06-14 04:08:38,10327,8307,172.12,0.8711,1
2026-06-14 04:09:38,10050,7201,167.5,0.8752,1
2026-06-14 04:10:38,9712,7723,161.87,0.9283,1
2026-06-14 04:11:38,10837,9601,180.62,0.975,1
2026-06-14 04:12:38,10688,8711,178.13,0.9824,1
2026-06-14 04:13:38,10818,10639,180.3,1.0893,1
2026-06-14 04:14:38,10092,8972,168.2,0.9275,1
2026-06-14 04:15:38,10920,10050,182.0,1.0941,1
2026-06-14 04:16:38,10493,8588,174.88,0.9626,1
2026-06-14 04:17:38,11242,11177,187.37,1.0237,1
2026-06-14 04:18:38,10810,10073,180.17,0.9028,1
2026-06-14 04:19:38,10954,9856,182.57,1.0559,1
2026-06-14 04:20:38,10661,8850,177.68,0.8853,1
2026-06-14 04:21:38,10537,9165,175.62,0.9485,1
2026-06-14 04:22:38,10262,8517,171.03,0.9519,1
2026-06-14 04:23:38,10448,8763,174.13,0.908,1
2026-06-14 04:24:38,10105,7713,168.42,0.8892,1
2026-06-14 04:25:38,11157,9665,185.95,1.0335,1
2026-06-14 04:26:38,10694,8530,178.23,0.975,1
2026-06-14 04:27:38,11024,9591,183.73,0.9846,1
2026-06-14 04:28:38,11293,10448,188.22,0.8884,1
2026-06-14 04:29:38,10026,7780,167.1,0.9316,1
2026-06-14 04:30:38,10087,8785,168.12,0.9562,1
2026-06-14 04:31:38,10411,8272,173.52,0.9084,1
2026-06-14 04:32:38,9990,8990,166.5,0.8342,1
2026-06-14 04:33:38,10885,10641,181.42,0.9645,1
2026-06-14 04:34:38,10199,7833,169.98,0.9701,1
2026-06-14 04:35:38,9900,8384,165.0,0.7901,1
2026-06-14 04:36:38,10239,8004,170.65,0.9638,1
2026-06-14 04:37:38,10183,9555,169.72,0.8645,1
2026-06-14 04:38:38,10728,10254,178.8,0.9785,1
2026-06-14 04:39:38,10143,9082,169.05,0.9944,1
2026-06-14 04:40:38,10078,9107,167.97,0.8271,1
2026-06-14 04:41:38,10240,8517,170.67,0.8879,1
2026-06-14 04:42:38,10820,9110,180.33,0.9714,1
2026-06-14 04:43:38,11046,9372,184.1,1.0135,1
2026-06-14 04:44:38,11036,9123,183.93,0.875,1
2026-06-14 04:45:38,10850,9943,180.83,0.8908,1
2026-06-14 04:46:38,11065,9714,184.42,0.9396,1
2026-06-14 04:47:38,11064,8959,184.4,1.0194,1
2026-06-14 04:48:38,11332,10538,188.87,1.0263,1
2026-06-14 04:49:38,10220,8799,170.33,0.8356,1
2026-06-14 04:50:38,11233,9523,187.22,1.0196,1
2026-06-14 04:51:38,9704,7497,161.73,0.9475,1
2026-06-14 04:52:38,10783,8702,179.72,0.9156,1
2026-06-14 04:53:38,9762,8245,162.7,0.8236,1
2026-06-14 04:54:38,9979,8030,166.32,0.946,1
2026-06-14 04:55:38,9639,8403,160.65,0.9733,1
2026-06-14 04:56:38,10640,9338,177.33,0.9896,1
2026-06-14 04:57:38,11057,10064,184.28,0.9222,1
2026-06-14 04:58:38,10936,10328,182.27,0.9177,1
2026-06-14 04:59:38,9824,8001,163.73,0.8301,1
2026-06-14 05:00:38,8859,6003,147.65,0.8357,1
2026-06-14 05:01:38,8206,4822,136.77,0.7603,1
2026-06-14 05:02:38,8203,5201,136.72,0.7805,1
2026-06-14 05:03:38,7192,3764,119.87,0.6925,1
2026-06-14 05:04:38,6455,3309,107.58,0.4699,1
2026-06-14 05:05:38,5399,1983,89.98,0.496,1
2026-06-14 05:06:38,5803,2480,96.72,0.4275,1
2026-06-14 05:07:38,5420,1939,90.33,0.4143,1
2026-06-14 05:08:38,4152,1345,69.2,0.4045,0
2026-06-14 05:09:38,3277,781,54.62,0.1922,0
2026-06-14 05:10:38,3979,1047,66.32,0.3242,0
2026-06-14 05:11:38,3677,811,61.28,0.2322,0
2026-06-14 05:12:38,3231,613,53.85,0.3007,0
2026-06-14 05:13:38,2719,437,45.32,0.243,0
2026-06-14 05:14:38,2136,233,35.6,0.159,0
2026-06-14 05:15:38,784,0,13.07,0.0734,0
2026-06-14 05:16:38,947,0,15.78,-0.0947,0
2026-06-14 05:17:38,1179,7,19.65,-0.0667,0
2026-06-14 05:18:38,1402,44,23.37,0.069,0
2026-06-14 05:19:38,811,0,13.52,0.0215,0
2026-06-14 05:20:38,1243,12,20.72,0.103,0
2026-06-14 05:21:38,1889,161,31.48,0.0666,0
2026-06-14 05:22:38,2086,221,34.77,0.1272,0
2026-06-14 05:23:38,1011,6,16.85,0.1005,0
2026-06-14 05:24:38,861,0,14.35,0.0342,0
2026-06-14 05:25:38,1830,98,30.5,0.0453,0
2026-06-14 05:26:38,1358,40,22.63,-0.0571,0
2026-06-14 05:27:38,965,0,16.08,-0.0873,0
2026-06-14 05:28:38,778,2,12.97,-0.0155,0
2026-06-14 05:29:38,2040,196,34.0,0.1198,0
2026-06-14 05:30:38,827,7,13.78,0.0079,0
2026-06-14 05:31:38,1769,73,29.48,0.0317,0
2026-06-14 05:32:38,2214,231,36.9,0.1008,0
2026-06-14 05:33:38,1598,82,26.63,0.078,0
2026-06-14 05:34:38,866,16,14.43,-0.0289,0
2026-06-14 05:35:38,1062,0,17.7,0.0888,0
2026-06-14 05:36:38,1574,69,26.23,0.0956,0
2026-06-14 05:37:38,1013,20,16.88,-0.0155,0
2026-06-14 05:38:38,1383,14,23.05,-0.0317,0
2026-06-14 05:39:38,1338,48,22.3,0.0514,0
2026-06-14 05:40:38,2314,285,38.57,0.1404,0
2026-06-14 05:41:38,1856,129,30.93,0.1539,0
2026-06-14 05:42:38,937,0,15.62,0.0535,0
2026-06-14 05:43:38,821,10,13.68,0.0344,0
2026-06-14 05:44:38,1395,39,23.25,0.0458,0
2026-06-14 05:45:38,1146,0,19.1,0.0853,0
2026-06-14 05:46:38,1981,130,33.02,0.0492,0
2026-06-14 05:47:38,1029,0,17.15,-0.0089,0
2026-06-14 05:48:38,2408,306,40.13,0.1589,0
2026-06-14 05:49:38,2057,163,34.28,-0.0002,0
2026-06-14 05:50:38,1262,52,21.03,0.107,0
2026-06-14 05:51:38,1731,121,28.85,0.0004,0
2026-06-14 05:52:38,1817,160,30.28,0.056,0
2026-06-14 05:53:38,1900,99,31.67,0.0671,0
2026-06-14 05:54:38,682,18,11.37,0.1132,0
2026-06-14 05:55:38,1821,107,30.35,0.0166,0
2026-06-14 05:56:38,1079,21,17.98,0.1067,0
2026-06-14 05:57:38,1642,93,27.37,0.044,0
2026-06-14 05:58:38,1262,0,21.03,-0.0741,0
2026-06-14 05:59:38,1979,190,32.98,0.0209,0
2026-06-14 06:00:38,1983,96,33.05,0.0832,0
2026-06-14 06:01:38,2107,168,35.12,0.0028,0
2026-06-14 06:02:38,2171,218,36.18,0.1881,0
2026-06-14 06:03:38,1303,7,21.72,0.0994,0
2026-06-14 06:04:38,897,16,14.95,-0.0525,0
2026-06-14 06:05:38,956,0,15.93,0.0995,0
2026-06-14 06:06:38,1011,12,16.85,-0.0584,0
2026-06-14 06:07:38,677,0,11.28,-0.0208,0
2026-06-14 06:08:38,995,0,16.58,0.0799,0
2026-06-14 06:09:38,1142,38,19.03,-0.0382,0
2026-06-14 06:10:38,1833,134,30.55,0.1291,0
2026-06-14 06:11:38,1328,39,22.13,0.1175,0
2026-06-14 06:12:38,1201,0,20.02,-0.0762,0
2026-06-14 06:13:38,1791,77,29.85,-0.0158,0
2026-06-14 06:14:38,1983,152,33.05,-0.0057,0
2026-06-14 06:15:38,1516,109,25.27,-0.0246,0
2026-06-14 06:16:38,1003,3,16.72,-0.0151,0
2026-06-14 06:17:38,1270,0,21.17,0.0027,0
2026-06-14 06:18:38,1136,32,18.93,-0.0551,0
2026-06-14 06:19:38,1881,157,31.35,0.1287,0
2026-06-14 06:20:38,1606,123,26.77,0.122,0
2026-06-14 06:21:38,1303,59,21.72,0.0396,0
2026-06-14 06:22:38,1437,39,23.95,0.0904,0
2026-06-14 06:23:38,992,0,16.53,-0.0323,0
2026-06-14 06:24:38,1204,0,20.07,0.0633,0
2026-06-14 06:25:38,1076,24,17.93,0.1122,0
2026-06-14 06:26:38,918,0,15.3,-0.0916,0
2026-06-14 06:27:38,1907,160,31.78,0.0297,0
2026-06-14 06:28:38,1829,140,30.48,0.1278,0
2026-06-14 06:29:38,889,0,14.82,0.0066,0
2026-06-14 06:30:38,1015,35,16.92,0.0837,0
2026-06-14 06:31:38,1317,55,21.95,-0.0524,0
2026-06-14 06:32:38,1182,29,19.7,-0.0423,0
2026-06-14 06:33:38,1557,78,25.95,0.1,0
2026-06-14 06:34:38,1207,52,20.12,0.0338,0
2026-06-14 06:35:38,969,10,16.15,-0.0136,0
2026-06-14 06:36:38,1639,64,27.32,-0.0089,0
2026-06-14 06:37:38,1984,120,33.07,0.0164,0
2026-06-14 06:38:38,1678,116,27.97,0.16,0
2026-06-14 06:39:38,690,0,11.5,0.0886,0
2026-06-14 06:40:38,662,0,11.03,0.0053,0
2026-06-14 06:41:38,1051,0,17.52,0.0836,0
2026-06-14 06:42:38,1077,0,17.95,-0.0327,0
2026-06-14 06:43:38,1017,0,16.95,0.0047,0
2026-06-14 06:44:38,1558,34,25.97,0.1187,0
2026-06-14 06:45:38,1029,24,17.15,0.0329,0
2026-06-14 06:46:38,1021,0,17.02,0.0269,0
2026-06-14 06:47:38,1112,7,18.53,0.0382,0
2026-06-14 06:48:38,1236,40,20.6,0.0072,0
2026-06-14 06:49:38,1527,59,25.45,0.1159,0
2026-06-14 06:50:38,1656,47,27.6,0.0676,0
2026-06-14 06:51:38,1339,0,22.32,-0.0409,0
2026-06-14 06:52:38,896,3,14.93,0.034,0
2026-06-14 06:53:38,1328,52,22.13,0.0462,0
2026-06-14 06:54:38,1596,91,26.6,-0.0145,0
2026-06-14 06:55:38,1542,106,25.7,0.0117,0
2026-06-14 06:56:38,1246,46,20.77,0.0133,0
2026-06-14 06:57:38,1105,33,18.42,0.0805,0
2026-06-14 06:58:38,927,0,15.45,0.0621,0
2026-06-14 06:59:38,1467,107,24.45,0.0858,0
2026-06-14 07:00:38,2004,169,33.4,0.1155,0
2026-06-14 07:01:38,1962,158,32.7,0.0482,0
2026-06-14 07:02:38,1502,72,25.03,0.024,0
2026-06-14 07:03:38,1186,3,19.77,-0.0177,0
2026-06-14 07:04:38,1004,0,16.73,0.0639,0
2026-06-14 07:05:38,749,0,12.48,0.0846,0
2026-06-14 07:06:38,1040,14,17.33,0.095,0
2026-06-14 07:07:38,936,8,15.6,0.0883,0
2026-06-14 07:08:38,1265,52,21.08,0.1412,0
2026-06-14 07:09:38,2322,219,38.7,0.0752,0
2026-06-14 07:10:38,1541,123,25.68,0.0525,0
2026-06-14 07:11:38,1321,24,22.02,0.0139,0
2026-06-14 07:12:38,1886,116,31.43,0.0737,0
2026-06-14 07:13:38,1181,61,19.68,0.0995,0
2026-06-14 07:14:38,1156,0,19.27,-0.0961,0
2026-06-14 07:15:38,1060,0,17.67,0.0054,0
2026-06-14 07:16:38,1988,177,33.13,0.0554,0
2026-06-14 07:17:38,2207,219,36.78,0.0654,0
2026-06-14 07:18:38,2876,458,47.93,0.2558,0
2026-06-14 07:19:38,2040,178,34.0,0.0936,0
2026-06-14 07:20:38,1174,3,19.57,-0.033,0
2026-06-14 07:21:38,1014,0,16.9,0.0587,0
2026-06-14 07:22:38,1553,115,25.88,0.1255,0
2026-06-14 07:23:38,1483,107,24.72,0.0835,0
2026-06-14 07:24:38,1313,24,21.88,-0.0745,0
2026-06-14 07:25:38,1385,80,23.08,-0.0223,0
2026-06-14 07:26:38,2216,211,36.93,0.1257,0
2026-06-14 07:27:38,2115,191,35.25,0.151,0
2026-06-14 07:28:38,883,1,14.72,-0.0262,0
2026-06-14 07:29:38,2110,145,35.17,0.042,0
2026-06-14 07:30:38,1139,0,18.98,0.0426,0
2026-06-14 07:31:38,1228,15,20.47,0.0609,0
2026-06-14 07:32:38,1333,34,22.22,0.0047,0
2026-06-14 07:33:38,1202,0,20.03,-0.0485,0
2026-06-14 07:34:38,972,0,16.2,0.048,0
2026-06-14 07:35:38,1005,0,16.75,0.0418,0
2026-06-14 07:36:38,899,0,14.98,0.0163,0
2026-06-14 07:37:38,1494,91,24.9,-0.0032,0
2026-06-14 07:38:38,1293,57,21.55,0.0091,0
2026-06-14 07:39:38,881,0,14.68,0.0652,0
2026-06-14 07:40:38,1919,123,31.98,-0.0231,0
2026-06-14 07:41:38,809,3,13.48,-0.0117,0
2026-06-14 07:42:38,923,0,15.38,0.0856,0
2026-06-14 07:43:38,976,0,16.27,-0.0418,0
2026-06-14 07:44:38,772,0,12.87,0.0638,0
2026-06-14 07:45:38,1171,0,19.52,-0.0751,0
2026-06-14 07:46:38,1410,33,23.5,0.0618,0
2026-06-14 07:47:38,1412,57,23.53,-0.0235,0
2026-06-14 07:48:38,1501,17,25.02,0.0538,0
2026-06-14 07:49:38,1009,0,16.82,0.027,0
2026-06-14 07:50:38,815,0,13.58,-0.0721,0
2026-06-14 07:51:38,2459,292,40.98,0.0929,0
2026-06-14 07:52:38,1375,71,22.92,-0.0134,0
2026-06-14 07:53:38,1759,82,29.32,0.0634,0
2026-06-14 07:54:38,968,0,16.13,0.0139,0
2026-06-14 07:55:38,1231,22,20.52,-0.0364,0
2026-06-14 07:56:38,1267,39,21.12,0.0375,0
2026-06-14 07:57:38,1152,17,19.2,0.0141,0
2026-06-14 07:58:38,1355,0,22.58,-0.0556,0
2026-06-14 07:59:38,1778,88,29.63,0.0215,0
2026-06-14 08:00:38,1807,54,30.12,0.0994,0
2026-06-14 08:01:38,1016,0,16.93,0.0641,0
2026-06-14 08:02:38,1031,0,17.18,-0.015,0
2026-06-14 08:03:38,2089,162,34.82,0.1079,0
2026-06-14 08:04:38,1775,73,29.58,0.1246,0
2026-06-14 08:05:38,1771,113,29.52,0.0945,0
2026-06-14 08:06:38,1630,61,27.17,0.0983,0
2026-06-14 08:07:38,866,0,14.43,-0.0371,0
2026-06-14 08:08:38,898,0,14.97,-0.0961,0
2026-06-14 08:09:38,1949,185,32.48,0.1622,0
2026-06-14 08:10:38,2159,236,35.98,0.0386,0
2026-06-14 08:11:38,2612,336,43.53,0.1575,0
2026-06-14 08:12:38,1897,163,31.62,0.1547,0
2026-06-14 08:13:38,1263,6,21.05,-0.0583,0
2026-06-14 08:14:38,1029,8,17.15,0.0909,0
2026-06-14 08:15:38,1526,48,25.43,0.0077,0
2026-06-14 08:16:38,1076,0,17.93,0.0829,0
2026-06-14 08:17:38,1683,122,28.05,0.1256,0
2026-06-14 08:18:38,2087,171,34.78,0.084,0
2026-06-14 08:19:38,2080,193,34.67,0.1716,0
2026-06-14 08:20:38,1960,137,32.67,0.0005,0
2026-06-14 08:21:38,1375,60,22.92,0.0685,0
2026-06-14 08:22:38,989,0,16.48,-0.0159,0
2026-06-14 08:23:38,1584,76,26.4,0.0627,0
2026-06-14 08:24:38,1326,14,22.1,0.0135,0
2026-06-14 08:25:38,1056,27,17.6,0.0576,0
2026-06-14 08:26:38,790,0,13.17,-0.0428,0
2026-06-14 08:27:38,1018,19,16.97,0.0702,0
2026-06-14 08:28:38,1017,9,16.95,-0.0678,0
2026-06-14 08:29:38,808,0,13.47,0.0767,0
2026-06-14 08:30:38,1957,165,32.62,0.1807,0
2026-06-14 08:31:38,1254,34,20.9,-0.0044,0
2026-06-14 08:32:38,1341,43,22.35,0.0096,0
2026-06-14 08:33:38,2381,263,39.68,0.1621,0
2026-06-14 08:34:38,2728,408,45.47,0.0843,0
2026-06-14 08:35:38,2190,295,36.5,0.1208,0
2026-06-14 08:36:38,749,0,12.48,-0.0429,0
2026-06-14 08:37:38,974,0,16.23,0.0715,0
2026-06-14 08:38:38,1551,102,25.85,-0.0185,0
2026-06-14 08:39:38,1169,0,19.48,0.0202,0
2026-06-14 08:40:38,1312,0,21.87,0.0817,0
2026-06-14 08:41:38,1186,0,19.77,-0.0944,0
2026-06-14 08:42:38,927,29,15.45,-0.0236,0
2026-06-14 08:43:38,1199,0,19.98,-0.0457,0
2026-06-14 08:44:38,929,0,15.48,-0.0149,0
2026-06-14 08:45:38,975,0,16.25,-0.0184,0
2026-06-14 08:46:38,1428,51,23.8,0.0975,0
2026-06-14 08:47:38,1336,34,22.27,0.0964,0
2026-06-14 08:48:38,1254,10,20.9,0.0997,0
2026-06-14 08:49:38,1299,0,21.65,-0.0391,0
2026-06-14 08:50:38,1029,27,17.15,0.0939,0
2026-06-14 08:51:38,1831,136,30.52,0.1018,0
2026-06-14 08:52:38,862,9,14.37,-0.045,0
2026-06-14 08:53:38,1172,0,19.53,-0.078,0
2026-06-14 08:54:38,1177,0,19.62,0.0398,0
2026-06-14 08:55:38,602,1,10.03,0.0923,0
2026-06-14 08:56:38,888,0,14.8,0.0339,0
2026-06-14 08:57:38,1477,62,24.62,0.0011,0
2026-06-14 08:58:38,1956,195,32.6,0.069,0
2026-06-14 08:59:38,1949,165,32.48,0.0936,0
2026-06-14 09:00:38,858,6,14.3,0.0912,0
2026-06-14 09:01:38,1056,5,17.6,-0.0163,0
2026-06-14 09:02:38,2172,165,36.2,0.1738,0
2026-06-14 09:03:38,2020,218,33.67,0.0177,0
2026-06-14 09:04:38,1100,20,18.33,0.0678,0
2026-06-14 09:05:38,801,8,13.35,0.0283,0
2026-06-14 09:06:38,1243,0,20.72,0.065,0
2026-06-14 09:07:38,1231,35,20.52,-0.0417,0
2026-06-14 09:08:38,1050,0,17.5,-0.0914,0
2026-06-14 09:09:38,1037,21,17.28,0.0684,0
2026-06-14 09:10:38,1448,78,24.13,0.0544,0
2026-06-14 09:11:38,1596,35,26.6,-0.0071,0
2026-06-14 09:12:38,1264,56,21.07,0.0824,0
2026-06-14 09:13:38,1389,59,23.15,0.131,0
2026-06-14 09:14:38,1619,57,26.98,-0.0145,0
2026-06-14 09:15:38,1036,24,17.27,-0.0279,0
2026-06-14 09:16:38,1225,0,20.42,0.007,0
2026-06-14 09:17:38,1787,136,29.78,0.1169,0
2026-06-14 09:18:38,727,0,12.12,-0.0939,0
2026-06-14 09:19:38,1179,0,19.65,0.0895,0
2026-06-14 09:20:38,1254,0,20.9,0.0868,0
2026-06-14 09:21:38,2015,136,33.58,0.1456,0
2026-06-14 09:22:38,1197,0,19.95,-0.014,0
2026-06-14 09:23:38,1001,18,16.68,-0.0102,0
2026-06-14 09:24:38,1268,30,21.13,-0.0365,0
2026-06-14 09:25:38,1117,0,18.62,-0.09,0
2026-06-14 09:26:38,1097,16,18.28,-0.0456,0
2026-06-14 09:27:38,1063,0,17.72,0.0175,0
2026-06-14 09:28:38,627,0,10.45,0.0457,0
2026-06-14 09:29:38,991,0,16.52,0.0451,0
2026-06-14 09:30:38,921,0,15.35,0.0606,0
2026-06-14 09:31:38,808,0,13.47,-0.0704,0
2026-06-14 09:32:38,1466,62,24.43,-0.0434,0
2026-06-14 09:33:38,915,0,15.25,0.0972,0
2026-06-14 09:34:38,1337,73,22.28,0.0034,0
2026-06-14 09:35:38,1599,99,26.65,-0.0107,0
2026-06-14 09:36:38,735,0,12.25,0.0224,0
2026-06-14 09:37:38,2559,310,42.65,0.1438,0
2026-06-14 09:38:38,1078,4,17.97,0.0191,0
2026-06-14 09:39:38,1807,120,30.12,0.0791,0
2026-06-14 09:40:38,1523,83,25.38,-0.0339,0
2026-06-14 09:41:38,935,0,15.58,-0.0379,0
2026-06-14 09:42:38,1095,19,18.25,0.0246,0
2026-06-14 09:43:38,873,7,14.55,-0.0783,0
2026-06-14 09:44:38,835,0,13.92,0.0209,0
2026-06-14 09:45:38,2329,210,38.82,0.066,0
2026-06-14 09:46:38,1400,86,23.33,0.035,0
2026-06-14 09:47:38,1151,15,19.18,-0.0634,0
2026-06-14 09:48:38,1254,0,20.9,-0.0852,0
2026-06-14 09:49:38,772,0,12.87,0.0971,0
2026-06-14 09:50:38,1210,48,20.17,-0.0248,0
2026-06-14 09:51:38,973,0,16.22,-0.0463,0
2026-06-14 09:52:38,1027,0,17.12,-0.0667,0
2026-06-14 09:53:38,958,0,15.97,-0.0602,0
2026-06-14 09:54:38,1248,0,20.8,-0.0417,0
2026-06-14 09:55:38,1713,90,28.55,0.0103,0
2026-06-14 09:56:38,1119,0,18.65,-0.0811,0
2026-06-14 09:57:38,1805,49,30.08,0.063,0
2026-06-14 09:58:38,944,0,15.73,-0.0016,0
2026-06-14 09:59:38,1059,0,17.65,-0.0355,0
2026-06-14 10:00:38,1135,0,18.92,0.0446,0
2026-06-14 10:01:38,1062,0,17.7,-0.0234,0
2026-06-14 10:02:38,819,0,13.65,0.0662,0
2026-06-14 10:03:38,855,0,14.25,0.0781,0
2026-06-14 10:04:38,995,0,16.58,0.0578,0
2026-06-14 10:05:38,1173,24,19.55,-0.0017,0
2026-06-14 10:06:38,1310,0,21.83,0.0034,0
2026-06-14 10:07:38,1216,57,20.27,0.1451,0
2026-06-14 10:08:38,966,0,16.1,0.0248,0
2026-06-14 10:09:38,924,0,15.4,0.0761,0
2026-06-14 10:10:38,1001,0,16.68,0.0176,0
2026-06-14 10:11:38,2182,219,36.37,0.0975,0
2026-06-14 10:12:38,1648,102,27.47,0.154,0
2026-06-14 10:13:38,1334,0,22.23,0.0811,0
2026-06-14 10:14:38,1377,35,22.95,-0.0311,0
2026-06-14 10:15:38,1101,0,18.35,-0.0616,0
2026-06-14 10:16:38,2277,232,37.95,0.0493,0
2026-06-14 10:17:38,1231,0,20.52,-0.0091,0
2026-06-14 10:18:38,810,0,13.5,-0.0335,0
2026-06-14 10:19:38,791,0,13.18,0.0865,0
2026-06-14 10:20:38,1371,49,22.85,0.0074,0
2026-06-14 10:21:38,1464,64,24.4,-0.0096,0
2026-06-14 10:22:38,1129,0,18.82,-0.0545,0
2026-06-14 10:23:38,1154,1,19.23,-0.0807,0
2026-06-14 10:24:38,1291,30,21.52,-0.0513,0
2026-06-14 10:25:38,1775,174,29.58,0.0748,0
2026-06-14 10:26:38,856,0,14.27,-0.0916,0
2026-06-14 10:27:38,1425,74,23.75,-0.0233,0
2026-06-14 10:28:38,688,1,11.47,-0.0666,0
2026-06-14 10:29:38,1186,59,19.77,0.0248,0
2026-06-14 10:30:38,576,0,9.6,0.0503,0
2026-06-14 10:31:38,1285,71,21.42,0.1067,0
2026-06-14 10:32:38,859,0,14.32,0.0779,0
2026-06-14 10:33:38,1456,52,24.27,0.0361,0
2026-06-14 10:34:38,1813,192,30.22,0.1789,0
2026-06-14 10:35:38,2460,288,41.0,0.0951,0
2026-06-14 10:36:38,2552,349,42.53,0.0883,0
2026-06-14 10:37:38,1487,54,24.78,0.1159,0
2026-06-14 10:38:38,1204,0,20.07,-0.0189,0
2026-06-14 10:39:38,1161,11,19.35,0.1055,0
2026-06-14 10:40:38,2093,212,34.88,0.1602,0
2026-06-14 10:41:38,966,0,16.1,0.0296,0
2026-06-14 10:42:38,1034,0,17.23,0.0931,0
2026-06-14 10:43:38,841,0,14.02,-0.0181,0
2026-06-14 10:44:38,866,10,14.43,0.0037,0
2026-06-14 10:45:38,1175,9,19.58,-0.0687,0
2026-06-14 10:46:38,1799,141,29.98,0.1109,0
2026-06-14 10:47:38,2494,295,41.57,0.2277,0
2026-06-14 10:48:38,1675,103,27.92,0.0074,0
2026-06-14 10:49:38,980,0,16.33,-0.0258,0
2026-06-14 10:50:38,845,0,14.08,-0.0003,0
2026-06-14 10:51:38,899,22,14.98,0.0826,0
2026-06-14 10:52:38,1132,0,18.87,0.0085,0
2026-06-14 10:53:38,1063,0,17.72,-0.0372,0
2026-06-14 10:54:38,1067,20,17.78,0.0598,0
2026-06-14 10:55:38,902,0,15.03,-0.0457,0
2026-06-14 10:56:38,1198,12,19.97,-0.0538,0
2026-06-14 10:57:38,1546,48,25.77,0.0948,0
2026-06-14 10:58:38,1558,39,25.97,-0.0403,0
2026-06-14 10:59:38,1211,0,20.18,-0.0003,0
2026-06-14 11:00:38,1017,0,16.95,0.0443,0
2026-06-14 11:01:38,1252,53,20.87,0.1437,0
2026-06-14 11:02:38,1282,5,21.37,-0.0717,0
2026-06-14 11:03:38,1786,153,29.77,0.0896,0
2026-06-14 11:04:38,1563,88,26.05,0.1305,0
2026-06-14 11:05:38,1274,0,21.23,-0.0535,0
2026-06-14 11:06:38,1490,0,24.83,-0.0068,0
2026-06-14 11:07:38,1205,0,20.08,0.0404,0
2026-06-14 11:08:38,1584,97,26.4,0.0033,0
2026-06-14 11:09:38,1217,36,20.28,0.0926,0
2026-06-14 11:10:38,1078,0,17.97,-0.031,0
2026-06-14 11:11:38,1438,78,23.97,-0.0343,0
2026-06-14 11:12:38,1925,146,32.08,0.1682,0
2026-06-14 11:13:38,1338,38,22.3,0.1022,0
2026-06-14 11:14:38,1795,141,29.92,0.0831,0
2026-06-14 11:15:38,1468,29,24.47,-0.0592,0
2026-06-14 11:16:38,2091,184,34.85,0.0351,0
2026-06-14 11:17:38,1398,0,23.3,-0.0787,0
2026-06-14 11:18:38,1228,29,20.47,0.0014,0
2026-06-14 11:19:38,1739,113,28.98,0.0421,0
2026-06-14 11:20:38,1314,0,21.9,0.0062,0
2026-06-14 11:21:38,1157,15,19.28,0.0244,0
2026-06-14 11:22:38,2155,207,35.92,0.1552,0
2026-06-14 11:23:38,1673,106,27.88,0.1019,0
2026-06-14 11:24:38,1550,64,25.83,0.0081,0
2026-06-14 11:25:38,1390,47,23.17,0.0567,0
2026-06-14 11:26:38,1206,0,20.1,0.0002,0
2026-06-14 11:27:38,1003,0,16.72,-0.0652,0
2026-06-14 11:28:38,1169,0,19.48,0.0287,0
2026-06-14 11:29:38,1088,0,18.13,0.0581,0
2026-06-14 11:30:38,958,0,15.97,-0.0575,0
2026-06-14 11:31:38,862,3,14.37,-0.0807,0
2026-06-14 11:32:38,1022,26,17.03,0.0975,0
2026-06-14 11:33:38,1716,92,28.6,-0.0,0
2026-06-14 11:34:38,1264,0,21.07,-0.0756,0
2026-06-14 11:35:38,902,8,15.03,0.072,0
2026-06-14 11:36:38,423,0,7.05,-0.0276,0
2026-06-14 11:37:38,1685,133,28.08,-0.0142,0
2026-06-14 11:38:38,1048,12,17.47,-0.0275,0
2026-06-14 11:39:38,1791,103,29.85,0.0817,0
2026-06-14 11:40:38,789,18,13.15,0.1038,0
2026-06-14 11:41:38,1323,0,22.05,-0.0766,0
2026-06-14 11:42:38,1106,0,18.43,-0.0188,0
2026-06-14 11:43:38,1229,49,20.48,0.0466,0
2026-06-14 11:44:38,786,0,13.1,-0.0567,0
2026-06-14 11:45:38,1252,25,20.87,-0.0405,0
2026-06-14 11:46:38,755,0,12.58,-0.0907,0
2026-06-14 11:47:38,935,0,15.58,0.0675,0
2026-06-14 11:48:38,1112,0,18.53,0.0601,0
2026-06-14 11:49:38,1604,76,26.73,0.0516,0
2026-06-14 11:50:38,882,0,14.7,0.0779,0
2026-06-14 11:51:38,1612,81,26.87,0.0969,0
2026-06-14 11:52:38,2105,170,35.08,0.0315,0
2026-06-14 11:53:38,1228,38,20.47,0.007,0
2026-06-14 11:54:38,1716,93,28.6,0.0345,0
2026-06-14 11:55:38,1703,114,28.38,0.1611,0
2026-06-14 11:56:38,1088,0,18.13,0.065,0
2026-06-14 11:57:38,1578,59,26.3,0.0723,0
2026-06-14 11:58:38,620,0,10.33,0.0827,0
2026-06-14 11:59:38,1120,40,18.67,0.0742,0
2026-06-14 12:00:38,1610,77,26.83,0.0029,0
2026-06-14 12:01:38,1259,0,20.98,0.0007,0
2026-06-14 12:02:38,1033,0,17.22,0.0627,0
2026-06-14 12:03:38,1004,0,16.73,0.0278,0
2026-06-14 12:04:38,1359,57,22.65,0.0395,0
2026-06-14 12:05:38,1252,10,20.87,0.0425,0
2026-06-14 12:06:38,1164,0,19.4,-0.0204,0
2026-06-14 12:07:38,1509,100,25.15,0.0595,0
2026-06-14 12:08:38,748,0,12.47,-0.0829,0
2026-06-14 12:09:38,768,0,12.8,0.0548,0
2026-06-14 12:10:38,1465,69,24.42,0.1462,0
2026-06-14 12:11:38,1531,48,25.52,-0.0396,0
2026-06-14 12:12:38,1856,91,30.93,0.0935,0
2026-06-14 12:13:38,1235,83,20.58,0.1204,0
2026-06-14 12:14:38,1236,17,20.6,-0.0457,0
2026-06-14 12:15:38,1917,176,31.95,0.0826,0
2026-06-14 12:16:38,2141,138,35.68,0.105,0
2026-06-14 12:17:38,1383,64,23.05,0.0677,0
2026-06-14 12:18:38,837,0,13.95,0.0291,0
2026-06-14 12:19:38,1474,14,24.57,-0.0823,0
2026-06-14 12:20:38,1615,98,26.92,0.0619,0
2026-06-14 12:21:38,810,0,13.5,0.0228,0
2026-06-14 12:22:38,2067,240,34.45,0.1877,0
2026-06-14 12:23:38,2331,248,38.85,0.089,0
2026-06-14 12:24:38,1324,67,22.07,-0.0432,0
2026-06-14 12:25:38,1773,68,29.55,0.0277,0
2026-06-14 12:26:38,1014,0,16.9,-0.0421,0
2026-06-14 12:27:38,1871,91,31.18,0.0688,0
2026-06-14 12:28:38,1111,0,18.52,0.0794,0
2026-06-14 12:29:38,2167,194,36.12,0.1518,0
2026-06-14 12:30:38,1223,23,20.38,-0.0188,0
2026-06-14 12:31:38,1894,121,31.57,0.1516,0
2026-06-14 12:32:38,1204,66,20.07,0.1556,0
2026-06-14 12:33:38,1289,32,21.48,0.0835,0
2026-06-14 12:34:38,1859,114,30.98,-0.0079,0
2026-06-14 12:35:38,1200,37,20.0,0.1152,0
2026-06-14 12:36:38,988,0,16.47,-0.0984,0
2026-06-14 12:37:38,1624,83,27.07,0.0339,0
2026-06-14 12:38:38,1462,53,24.37,-0.0313,0
2026-06-14 12:39:38,1960,118,32.67,0.1339,0
2026-06-14 12:40:38,891,0,14.85,0.0374,0
2026-06-14 12:41:38,2239,246,37.32,0.0319,0
2026-06-14 12:42:38,1562,103,26.03,0.0098,0
2026-06-14 12:43:38,2233,139,37.22,0.0027,0
2026-06-14 12:44:38,1225,0,20.42,0.0476,0
2026-06-14 12:45:38,1190,0,19.83,0.0377,0
2026-06-14 12:46:38,624,0,10.4,-0.0577,0
2026-06-14 12:47:38,2169,247,36.15,0.1472,0
2026-06-14 12:48:38,1101,5,18.35,0.0123,0
2026-06-14 12:49:38,1756,81,29.27,0.1471,0
2026-06-14 12:50:38,1067,10,17.78,-0.0429,0
2026-06-14 12:51:38,1022,0,17.03,-0.0413,0
2026-06-14 12:52:38,1654,92,27.57,-0.0056,0
2026-06-14 12:53:38,1012,0,16.87,0.0612,0
2026-06-14 12:54:38,970,0,16.17,-0.0604,0
2026-06-14 12:55:38,566,2,9.43,0.0934,0
2026-06-14 12:56:38,1834,138,30.57,0.1113,0
2026-06-14 12:57:38,1224,25,20.4,-0.0063,0
2026-06-14 12:58:38,926,11,15.43,0.1051,0
2026-06-14 12:59:38,1133,62,18.88,0.0238,0
2026-06-14 13:00:38,856,0,14.27,-0.0681,0
2026-06-14 13:01:38,598,0,9.97,0.0875,0
2026-06-14 13:02:38,1533,71,25.55,-0.0129,0
2026-06-14 13:03:38,1337,23,22.28,0.0183,0
2026-06-14 13:04:38,1587,75,26.45,0.0627,0
2026-06-14 13:05:38,1437,28,23.95,0.0733,0
2026-06-14 13:06:38,973,0,16.22,0.0248,0
2026-06-14 13:07:38,935,0,15.58,-0.0932,0
2026-06-14 13:08:38,1174,0,19.57,0.0398,0
2026-06-14 13:09:38,1471,63,24.52,-0.0061,0
2026-06-14 13:10:38,1605,64,26.75,-0.0165,0
